<?xml version="1.0" encoding="UTF-8"?>
<!DOCTYPE configuration
PUBLIC "-//mybatis.org//DTD Config 3.0//EN"
"http://mybatis.org/dtd/mybatis-3-config.dtd">

<configuration>
    <environments default="development">
        <environment id="development">
            <transactionManager type="JDBC"/>
            <dataSource type="POOLED" >
                <property name="driver" value="com.mysql.cj.jdbc.Driver"/>
                <property name="url" value="jdbc:mysql://localhost:3306/wspruebas?autoReconnect=true&amp;serverTimezone=UTC"/>
                <property name="username" value="root"/>
                <property name="password" value="Hvzrrs04"/>
                <property name="poolMaximumActiveConnections" value="50"/>
            </dataSource>
        </environment>      
    </environments>
    <mappers>
        <mapper resource="mybatis/mappers/CatalogoMapper.xml"/>
        <mapper resource="mybatis/mappers/PrendaMapper.xml"/>
    </mappers>
</configuration>